Country,Data source,Sector,Gas,Unit,2018,2017,2016,2015,2014,2013,2012,2011,2010,2009,2008,2007,2006,2005,2004,2003,2002,2001,2000,1999,1998,1997,1996,1995,1994,1993,1992,1991,1990
Afghanistan,CAIT,Total excluding LUCF,All GHG,MtCO₂e,98.92,97.3,95.37,93.73,84.62,74.8,66.75,58.65,44.91,36.96,31.54,24.88,21.04,17.4,16.52,16.78,16.09,13.49,15.08,16.91,16.1,15.34,14.44,13.48,13.27,13.46,13.63,15.1,15.18
Albania,CAIT,Total excluding LUCF,All GHG,MtCO₂e,10.08,10.29,9.72,9.85,9.93,9.44,9.24,9.63,9.13,8.85,8.79,9.05,9.0,9.1,9.31,9.25,8.82,8.19,8.22,7.89,6.67,6.42,7.15,7.43,7.67,6.83,6.89,8.95,11.31
Algeria,CAIT,Total excluding LUCF,All GHG,MtCO₂e,218.91,211.85,209.79,212.08,204.13,194.0,189.82,179.95,174.02,172.87,162.97,159.65,152.53,147.03,141.58,137.71,131.94,124.71,126.38,119.75,113.77,108.44,104.32,103.0,98.79,101.04,93.5,93.88,95.01
Andorra,CAIT,Total excluding LUCF,All GHG,MtCO₂e,0.59,0.59,0.59,0.58,0.58,0.59,0.6,0.6,0.63,0.62,0.64,0.64,0.64,0.66,0.64,0.61,0.6,0.59,0.59,0.57,0.54,0.51,0.49,0.46,0.44,0.44,0.43,0.43,0.43
Angola,CAIT,Total excluding LUCF,All GHG,MtCO₂e,79.73,87.18,91.24,90.62,88.98,88.41,84.93,86.04,84.12,79.69,76.08,74.85,68.08,67.23,67.74,65.37,55.61,51.73,49.59,48.77,49.41,46.68,46.48,48.46,44.1,43.95,43.17,42.84,42.18
Antigua and Barbuda,CAIT,Total excluding LUCF,All GHG,MtCO₂e,1.21,1.16,1.13,1.1,1.07,1.06,1.29,1.07,1.04,1.93,0.97,0.92,0.86,0.79,0.76,0.75,0.71,0.65,0.61,0.59,0.57,0.52,0.49,0.46,0.43,0.43,0.45,0.37,0.36
Argentina,CAIT,Total excluding LUCF,All GHG,MtCO₂e,365.65,367.32,366.37,362.56,356.1,358.18,348.94,344.8,334.59,328.57,347.61,343.55,330.12,315.57,310.99,295.74,274.15,277.33,284.59,283.17,278.48,274.4,272.5,260.58,260.0,254.92,252.41,248.01,243.03
Armenia,CAIT,Total excluding LUCF,All GHG,MtCO₂e,9.36,9.28,9.51,9.26,9.26,9.3,9.36,8.38,7.75,7.9,8.99,8.44,7.77,7.35,6.62,6.23,5.81,6.14,6.02,5.67,6.18,6.26,5.65,6.71,6.11,8.63,14.82,24.94,24.31
Australia,CAIT,Total excluding LUCF,All GHG,MtCO₂e,615.38,619.79,573.39,594.58,593.5,581.89,670.93,673.13,571.22,601.07,587.26,614.99,611.7,568.38,605.38,546.71,627.08,634.1,608.21,583.61,550.57,522.74,514.52,516.76,508.67,505.59,505.91,503.74,503.82
Austria,CAIT,Total excluding LUCF,All GHG,MtCO₂e,74.98,77.83,75.66,75.48,74.35,78.12,77.57,80.79,82.72,77.0,83.95,84.39,87.47,89.79,89.75,88.94,83.86,82.55,78.24,78.03,79.85,79.87,80.88,77.16,74.69,74.59,74.67,80.46,76.26
Azerbaijan,CAIT,Total excluding LUCF,All GHG,MtCO₂e,80.26,80.52,81.89,82.03,83.21,83.03,83.48,82.31,78.99,74.71,73.8,66.22,67.56,64.52,60.53,59.24,61.53,60.62,60.26,58.18,57.85,57.03,56.94,61.58,63.63,70.16,62.02,85.78,76.76
Bahamas,CAIT,Total excluding LUCF,All GHG,MtCO₂e,2.64,2.54,2.57,2.74,2.98,3.48,3.99,2.77,2.41,6.35,2.44,2.38,2.32,2.32,2.47,2.52,2.54,2.39,2.39,2.48,2.52,2.01,2.21,2.31,2.26,2.32,2.75,2.09,1.99
Bahrain,CAIT,Total excluding LUCF,All GHG,MtCO₂e,48.95,47.94,47.16,46.95,45.9,43.76,40.88,39.66,38.92,37.02,36.43,34.03,32.89,30.46,27.37,27.07,26.02,24.85,24.03,22.86,22.17,20.33,19.34,17.96,17.13,16.68,15.78,13.76,14.06
Bangladesh,CAIT,Total excluding LUCF,All GHG,MtCO₂e,198.97,192.42,183.5,182.6,173.51,168.63,165.25,161.7,155.97,148.38,144.74,136.52,133.59,128.39,123.76,122.03,120.43,116.87,112.25,109.91,105.87,105.94,103.65,103.12,98.09,95.65,94.44,92.54,92.36
Barbados,CAIT,Total excluding LUCF,All GHG,MtCO₂e,3.79,3.72,3.82,3.77,3.76,3.94,4.66,4.09,4.0,7.01,4.17,3.85,3.83,3.77,3.73,3.73,3.72,3.67,3.6,3.65,3.61,3.49,3.38,3.37,3.32,3.24,3.39,3.15,3.12
Belarus,CAIT,Total excluding LUCF,All GHG,MtCO₂e,88.14,85.2,83.59,84.48,88.89,89.61,88.97,87.38,90.31,85.72,88.53,84.27,85.45,82.28,81.5,77.62,76.51,77.74,78.6,81.18,83.65,85.61,85.23,84.52,92.63,105.66,118.44,132.4,137.46
Belgium,CAIT,Total excluding LUCF,All GHG,MtCO₂e,108.75,108.25,110.36,111.52,106.46,112.86,111.59,112.18,124.46,117.13,124.2,121.86,126.52,129.5,133.36,134.79,131.41,138.69,138.31,138.19,142.05,139.27,142.47,137.11,136.94,131.58,133.75,135.67,130.73
Belize,CAIT,Total excluding LUCF,All GHG,MtCO₂e,1.56,1.53,1.51,1.48,1.31,1.36,1.45,1.42,1.3,2.17,1.12,1.11,1.02,0.93,0.87,1.06,0.99,0.9,0.8,1.83,2.92,3.97,4.92,6.09,7.17,7.06,7.0,6.78,6.56
Benin,CAIT,Total excluding LUCF,All GHG,MtCO₂e,17.38,16.27,16.1,14.43,13.79,13.2,12.5,12.48,12.27,11.64,10.96,11.14,10.27,9.43,8.36,8.25,8.24,7.32,7.79,7.22,7.23,6.91,6.51,5.27,5.41,5.12,5.01,4.89,4.76
Bhutan,CAIT,Total excluding LUCF,All GHG,MtCO₂e,2.47,2.42,2.31,2.04,2.03,1.97,1.87,1.78,1.57,1.47,1.44,1.51,1.49,1.51,1.32,1.36,1.39,1.35,1.41,1.43,1.39,1.39,1.3,1.27,1.17,1.14,1.17,1.18,1.13
Bolivia,CAIT,Total excluding LUCF,All GHG,MtCO₂e,56.87,56.3,55.78,53.4,51.87,50.91,49.13,47.8,47.73,42.91,41.58,40.33,39.23,38.56,36.41,33.94,33.16,30.43,30.52,30.62,30.42,29.35,28.76,29.27,29.69,27.62,25.85,24.03,23.23
Bosnia and Herzegovina,CAIT,Total excluding LUCF,All GHG,MtCO₂e,27.19,27.46,27.2,24.64,24.47,27.05,27.26,29.04,25.96,25.95,25.71,23.82,22.68,20.82,20.14,19.07,18.59,18.45,18.67,15.02,14.99,12.21,7.3,6.21,6.3,16.62,20.07,27.6,30.14
Botswana,CAIT,Total excluding LUCF,All GHG,MtCO₂e,16.12,17.46,13.58,14.4,14.76,15.95,16.49,27.49,22.42,11.83,20.94,12.16,13.86,11.99,10.59,9.99,17.12,16.78,14.92,15.01,14.9,15.17,15.49,14.26,13.32,13.05,13.36,13.1,13.66
Brazil,CAIT,Total excluding LUCF,All GHG,MtCO₂e,1032.64,1064.92,1051.69,1082.7,1105.9,1070.85,1042.04,1004.84,986.44,905.49,924.38,911.24,886.91,888.93,883.46,837.39,823.22,796.35,765.6,752.07,736.04,713.09,685.17,677.74,657.69,641.36,631.15,621.22,593.95
Brunei,CAIT,Total excluding LUCF,All GHG,MtCO₂e,16.62,16.33,16.18,15.88,16.96,17.11,17.31,17.27,17.22,18.27,18.53,18.64,19.48,17.56,17.58,17.82,16.83,16.7,16.72,16.16,15.95,16.4,15.69,15.16,14.65,14.24,13.83,13.49,13.88
Bulgaria,CAIT,Total excluding LUCF,All GHG,MtCO₂e,53.33,56.45,54.27,57.31,54.66,52.06,57.15,62.84,57.04,55.35,62.76,65.21,61.03,60.95,60.99,62.3,57.51,60.16,57.7,58.33,65.26,69.11,71.63,71.1,69.88,73.77,75.25,81.12,98.34
Burkina Faso,CAIT,Total excluding LUCF,All GHG,MtCO₂e,30.85,30.56,29.65,28.24,27.49,26.99,25.97,25.25,24.81,23.64,22.94,22.1,21.35,21.3,20.63,20.03,16.55,15.81,16.62,15.5,15.16,15.01,14.4,14.37,13.98,13.52,13.26,12.95,12.51
Burundi,CAIT,Total excluding LUCF,All GHG,MtCO₂e,5.52,5.39,4.75,4.35,4.37,4.43,4.07,4.01,3.81,3.49,3.33,3.2,3.13,2.98,2.95,2.92,2.96,3.0,3.05,3.1,3.16,3.15,3.12,3.14,3.04,3.1,3.08,3.04,2.94
Cambodia,CAIT,Total excluding LUCF,All GHG,MtCO₂e,37.46,37.84,35.39,33.72,31.55,30.6,30.31,30.58,29.06,28.71,27.31,26.74,25.64,24.07,22.6,22.65,21.07,20.54,20.45,21.54,20.34,20.28,20.1,19.77,17.6,18.68,17.75,17.1,17.28
Cameroon,CAIT,Total excluding LUCF,All GHG,MtCO₂e,89.05,88.32,88.3,87.3,86.32,85.65,84.45,84.75,85.5,84.42,83.94,84.28,82.99,83.41,81.69,82.63,81.28,81.44,82.58,80.59,80.34,78.81,77.88,78.13,78.09,21.65,17.48,17.53,17.84
Canada,CAIT,Total excluding LUCF,All GHG,MtCO₂e,724.93,709.37,695.2,707.93,712.31,705.42,694.21,689.76,674.2,661.01,698.19,722.54,691.0,705.08,693.31,698.41,679.48,660.9,671.76,653.8,650.07,641.55,626.13,605.76,590.3,569.72,571.7,555.77,559.84
Cape Verde,CAIT,Total excluding LUCF,All GHG,MtCO₂e,0.83,0.8,0.77,0.72,0.71,0.72,0.73,0.76,0.77,0.73,0.68,0.66,0.7,0.64,0.54,0.5,0.47,0.43,0.4,0.38,0.34,0.31,0.3,0.31,0.28,0.29,0.29,0.25,0.24
Central African Republic,CAIT,Total excluding LUCF,All GHG,MtCO₂e,55.68,54.78,55.82,53.48,51.37,50.04,46.98,48.06,44.96,42.26,46.24,44.49,43.57,42.87,42.1,44.98,40.13,42.64,46.74,43.39,45.34,42.92,42.36,39.96,39.39,36.45,35.97,35.48,34.73
Chad,CAIT,Total excluding LUCF,All GHG,MtCO₂e,80.68,77.69,75.22,70.56,65.41,62.82,60.51,57.65,55.15,52.73,52.08,50.99,49.09,48.34,44.46,41.25,37.38,33.35,35.05,32.22,30.2,29.36,28.72,25.73,24.7,23.71,22.74,21.87,15.44
Chile,CAIT,Total excluding LUCF,All GHG,MtCO₂e,109.59,109.35,108.15,104.02,98.66,104.98,101.9,99.62,93.17,88.35,90.92,86.38,78.18,76.81,76.25,70.92,70.05,69.33,71.48,75.12,72.33,71.06,63.88,57.48,54.02,50.49,49.13,46.79,47.52
China,CAIT,Total excluding LUCF,All GHG,MtCO₂e,12355.24,12058.05,11857.18,11859.29,11865.31,11854.53,11399.83,11074.55,10203.82,9377.66,8786.12,8497.04,7879.33,7194.48,6467.06,5717.66,5100.86,4791.44,4597.43,4401.29,4451.04,4311.65,4302.87,4266.84,3877.37,3726.35,3503.1,3371.94,3222.27
Colombia,CAIT,Total excluding LUCF,All GHG,MtCO₂e,184.1,177.47,180.94,176.98,175.23,172.01,165.34,166.91,164.35,159.9,155.75,154.39,149.02,147.79,145.07,143.24,141.23,142.19,139.71,135.76,145.83,144.13,139.46,138.85,135.82,133.73,129.72,126.05,124.29
Comoros,CAIT,Total excluding LUCF,All GHG,MtCO₂e,0.59,0.58,0.54,0.51,0.49,0.49,0.46,0.45,0.44,0.4,0.38,0.36,0.41,0.38,0.39,0.37,0.35,0.34,0.32,0.34,0.33,0.31,0.3,0.3,0.29,0.29,0.28,0.27,0.27
Cook Islands,CAIT,Total excluding LUCF,All GHG,MtCO₂e,0.1,0.1,0.09,0.08,0.09,0.08,0.08,0.08,0.08,0.07,0.07,0.08,0.08,0.07,0.07,0.06,0.06,0.06,0.07,0.07,0.07,0.07,0.07,0.06,0.06,0.05,0.05,0.05,0.05
Costa Rica,CAIT,Total excluding LUCF,All GHG,MtCO₂e,15.81,15.71,15.54,14.63,14.77,14.72,14.23,14.27,13.56,13.45,13.86,13.66,12.28,11.96,11.43,11.43,11.06,11.02,10.7,10.84,11.01,10.29,10.2,10.24,10.67,10.29,10.22,9.12,8.85
Côte d'Ivoire,CAIT,Total excluding LUCF,All GHG,MtCO₂e,22.9,23.12,22.73,21.46,20.41,20.46,19.13,18.21,19.32,20.37,22.26,23.19,24.39,26.21,25.7,28.08,30.86,31.48,32.42,33.08,31.81,32.22,31.58,31.86,32.09,26.26,20.57,14.98,9.25
Croatia,CAIT,Total excluding LUCF,All GHG,MtCO₂e,22.55,23.4,22.73,22.69,22.1,22.83,23.95,25.89,26.18,26.74,29.3,30.12,28.62,27.89,28.0,28.23,27.13,26.13,25.33,26.26,26.58,26.28,24.8,25.46,24.18,24.09,23.21,22.18,28.69
Cuba,CAIT,Total excluding LUCF,All GHG,MtCO₂e,41.86,42.48,45.65,44.56,44.52,44.85,46.19,45.95,47.12,44.02,42.68,43.22,42.15,41.23,41.06,41.55,42.27,43.62,44.59,44.28,43.95,44.52,42.07,38.98,37.22,35.89,39.68,45.61,54.48
Cyprus,CAIT,Total excluding LUCF,All GHG,MtCO₂e,8.6,8.68,8.54,8.14,8.08,7.7,8.37,8.88,9.13,9.44,9.62,9.43,9.11,9.0,8.86,8.92,8.25,8.02,8.1,7.84,7.56,7.23,7.15,6.77,6.88,6.63,6.36,5.94,5.41
Czech Republic,CAIT,Total excluding LUCF,All GHG,MtCO₂e,122.84,124.12,124.09,122.29,120.36,123.09,128.37,131.78,134.4,131.31,138.95,144.01,141.04,140.06,143.13,142.58,138.24,143.85,144.13,133.49,141.6,148.23,150.74,149.13,149.15,156.44,161.16,165.61,182.34
Democratic Republic of the Congo,CAIT,Total excluding LUCF,All GHG,MtCO₂e,58.7,59.66,57.64,57.98,57.68,55.97,52.16,51.12,51.03,49.25,48.79,46.51,49.1,47.91,47.79,45.61,42.72,37.32,35.58,35.87,37.62,36.57,37.0,42.19,42.2,41.87,41.5,41.1,42.21
Denmark,CAIT,Total excluding LUCF,All GHG,MtCO₂e,45.87,46.16,48.33,46.61,48.69,52.94,51.39,56.46,61.8,61.37,64.19,67.67,72.47,64.7,68.56,74.88,69.45,69.71,68.47,72.67,75.51,79.57,89.24,75.77,78.86,75.16,72.59,78.79,68.17
Djibouti,CAIT,Total excluding LUCF,All GHG,MtCO₂e,1.48,1.46,1.47,1.52,1.43,1.52,1.46,1.42,1.46,1.4,1.41,1.4,1.36,1.36,1.32,1.33,1.31,1.28,1.27,1.23,1.19,1.18,1.15,1.1,1.05,1.04,1.02,1.01,0.99
Dominica,CAIT,Total excluding LUCF,All GHG,MtCO₂e,0.24,0.23,0.25,0.25,0.25,0.24,0.32,0.24,0.25,0.57,0.25,0.25,0.24,0.23,0.22,0.2,0.19,0.22,0.2,0.19,0.19,0.2,0.18,0.21,0.21,0.2,0.21,0.19,0.19
Dominican Republic,CAIT,Total excluding LUCF,All GHG,MtCO₂e,39.06,37.01,37.79,36.52,34.17,33.93,34.16,33.39,33.03,31.69,32.19,32.01,30.82,28.85,27.62,28.36,30.69,28.29,27.5,26.74,26.09,24.18,22.52,21.6,21.09,19.09,18.56,17.05,15.9
Ecuador,CAIT,Total excluding LUCF,All GHG,MtCO₂e,65.68,64.06,65.01,66.42,67.82,66.98,63.97,62.78,61.8,59.01,55.7,54.4,54.28,51.79,50.29,47.71,47.13,46.75,42.36,43.14,45.77,46.85,44.8,41.42,38.3,36.69,36.93,34.67,33.82
Egypt,CAIT,Total excluding LUCF,All GHG,MtCO₂e,329.22,320.37,315.78,306.35,297.28,291.23,293.98,283.19,276.45,274.96,268.9,259.78,244.69,234.07,216.08,202.88,198.58,193.7,181.32,180.01,171.18,164.36,154.94,147.52,138.54,142.86,140.59,135.48,129.84
El Salvador,CAIT,Total excluding LUCF,All GHG,MtCO₂e,12.35,11.94,12.72,12.7,12.26,11.94,12.7,12.55,12.62,12.87,13.26,13.82,13.21,12.74,12.39,12.09,11.56,11.36,10.76,10.89,10.72,10.64,9.81,9.89,9.64,8.96,8.42,8.01,7.17
Equatorial Guinea,CAIT,Total excluding LUCF,All GHG,MtCO₂e,19.27,18.7,19.14,21.16,22.56,24.27,25.38,25.53,25.79,26.16,25.71,24.52,26.36,25.52,22.79,18.8,15.77,12.58,10.3,8.26,6.54,5.05,3.42,1.4,1.35,1.29,0.32,0.26,0.21
Eritrea,CAIT,Total excluding LUCF,All GHG,MtCO₂e,7.48,7.34,7.25,7.14,7.3,7.42,7.53,7.62,7.5,7.49,7.35,7.31,6.88,7.02,7.16,7.24,7.24,7.45,7.87,7.8,7.66,7.65,7.18,6.67,6.06,5.36,5.26,4.22,3.69
Estonia,CAIT,Total excluding LUCF,All GHG,MtCO₂e,18.61,18.92,18.28,18.11,20.54,21.87,19.46,20.69,21.56,17.59,21.0,22.54,18.53,19.77,19.62,19.48,17.55,17.98,17.53,17.93,19.03,19.62,20.04,19.17,20.91,21.79,27.59,35.37,39.15
Eswatini,CAIT,Total excluding LUCF,All GHG,MtCO₂e,3.12,3.05,3.2,3.0,2.95,3.52,3.01,2.94,2.92,2.92,2.92,2.98,2.89,2.99,2.93,2.92,2.91,2.86,3.01,3.07,3.0,2.95,2.59,2.77,2.77,2.42,2.69,2.74,2.7
Ethiopia,CAIT,Total excluding LUCF,All GHG,MtCO₂e,172.23,170.62,167.19,161.09,155.66,147.51,140.65,133.09,131.44,126.67,121.86,116.9,106.55,101.16,97.63,95.26,96.88,87.34,83.31,85.29,84.79,78.02,74.93,70.74,68.61,66.21,70.72,68.18,66.41
European Union (27),CAIT,Total excluding LUCF,All GHG,MtCO₂e,3567.08,3635.65,3622.33,3621.54,3565.62,3711.45,3788.2,3849.51,3960.8,3881.38,4155.66,4247.19,4283.3,4288.33,4320.12,4323.46,4235.72,4254.85,4208.97,4210.42,4283.83,4324.38,4402.31,4294.73,4244.36,4260.96,4334.12,4478.18,4555.23
Fiji,CAIT,Total excluding LUCF,All GHG,MtCO₂e,2.82,2.73,2.61,2.37,2.74,2.51,2.35,2.37,2.37,2.18,2.21,2.5,2.6,2.52,2.72,2.29,2.18,2.34,2.07,2.04,2.05,2.09,2.11,2.05,1.99,1.94,1.88,1.83,1.82
Finland,CAIT,Total excluding LUCF,All GHG,MtCO₂e,54.49,53.32,56.26,53.55,57.0,61.12,60.38,66.1,74.12,66.06,69.73,77.86,79.71,68.38,80.59,84.65,76.55,74.23,68.45,69.99,70.86,74.53,76.49,70.05,74.04,67.44,66.2,69.3,69.4
France,CAIT,Total excluding LUCF,All GHG,MtCO₂e,423.35,432.38,430.02,430.14,424.13,457.25,456.32,453.51,470.79,467.05,485.35,491.62,498.79,509.07,508.44,510.7,505.83,513.38,508.56,511.48,521.88,505.84,515.77,497.01,488.27,494.01,512.8,527.54,502.75
Gabon,CAIT,Total excluding LUCF,All GHG,MtCO₂e,7.46,7.53,8.36,7.97,7.86,8.04,8.03,7.75,6.7,6.03,6.03,5.81,5.75,6.21,6.05,5.9,5.78,5.96,6.03,6.47,6.84,7.02,7.15,7.42,7.54,7.86,7.82,7.61,7.44
Gambia,CAIT,Total excluding LUCF,All GHG,MtCO₂e,2.79,2.7,2.66,2.62,2.59,2.44,2.36,2.26,2.56,2.49,2.11,1.93,1.86,1.74,1.87,1.96,2.05,2.26,2.47,2.73,3.04,3.28,3.61,3.88,4.34,4.8,4.68,4.57,4.41
Georgia,CAIT,Total excluding LUCF,All GHG,MtCO₂e,16.9,17.19,17.39,16.97,16.63,16.04,15.26,14.38,12.98,13.26,12.51,13.39,12.63,12.27,11.64,11.55,11.01,11.56,14.02,13.64,13.94,14.44,15.14,16.77,20.22,27.56,33.83,42.02,52.15
Germany,CAIT,Total excluding LUCF,All GHG,MtCO₂e,806.09,832.65,850.17,847.46,843.66,883.92,866.67,852.55,881.3,850.64,907.8,905.13,934.2,927.71,952.11,971.9,972.93,991.32,975.83,985.18,1019.61,1045.89,1083.88,1055.73,1062.35,1075.23,1082.93,1130.62,1160.21
Ghana,CAIT,Total excluding LUCF,All GHG,MtCO₂e,44.5,42.92,41.28,41.45,38.82,38.24,35.34,32.4,29.08,27.08,25.64,25.68,25.18,23.9,21.47,22.53,21.82,20.39,20.39,19.67,20.03,17.35,16.33,15.34,14.78,14.3,13.8,13.08,12.81
Greece,CAIT,Total excluding LUCF,All GHG,MtCO₂e,84.75,86.51,86.9,88.18,89.91,92.97,100.6,105.76,108.19,114.9,121.79,125.63,122.29,123.91,121.82,122.21,118.89,118.51,117.92,112.28,111.15,107.09,105.99,104.93,100.53,97.9,97.53,95.45,95.35
Grenada,CAIT,Total excluding LUCF,All GHG,MtCO₂e,2.36,2.33,2.31,2.29,2.26,2.32,2.41,2.27,2.26,2.77,2.24,2.21,2.19,2.16,2.14,2.15,2.13,2.1,2.07,2.07,2.06,2.02,1.99,1.96,1.93,1.91,1.92,1.86,1.84
Guatemala,CAIT,Total excluding LUCF,All GHG,MtCO₂e,35.4,33.57,34.31,32.99,30.12,28.9,27.78,27.07,26.45,26.4,25.06,26.22,24.77,24.71,23.35,22.89,22.61,21.69,20.92,19.39,18.84,16.89,16.14,16.11,15.01,14.69,13.93,12.65,12.19
Guinea,CAIT,Total excluding LUCF,All GHG,MtCO₂e,28.89,28.81,28.61,25.68,24.99,24.27,24.01,22.55,21.07,18.76,18.24,17.65,17.23,16.92,15.47,15.42,15.27,14.11,13.18,12.49,12.71,11.7,11.38,11.91,11.49,11.07,10.7,10.37,10.05
Guinea-Bissau,CAIT,Total excluding LUCF,All GHG,MtCO₂e,2.8,2.74,2.65,2.62,2.5,2.5,2.53,2.34,2.34,2.24,2.11,2.19,2.16,1.99,2.04,2.12,2.07,2.02,1.73,1.76,1.62,1.64,1.65,1.72,1.68,1.66,1.63,1.59,1.58
Guyana,CAIT,Total excluding LUCF,All GHG,MtCO₂e,5.04,4.83,4.72,4.83,4.73,4.52,4.36,4.1,4.01,3.78,3.76,3.61,3.3,3.48,3.83,3.8,3.58,3.69,3.64,3.97,3.84,3.91,3.69,3.63,3.23,2.93,2.8,2.81,2.58
Haiti,CAIT,Total excluding LUCF,All GHG,MtCO₂e,9.93,9.9,9.89,9.68,9.36,9.0,8.71,8.97,8.57,8.04,7.99,7.97,7.56,7.51,7.42,7.55,7.51,7.22,7.05,6.58,6.44,6.3,5.9,5.62,4.83,5.33,5.69,5.28,5.06
Honduras,CAIT,Total excluding LUCF,All GHG,MtCO₂e,22.4,21.3,21.5,21.56,21.12,20.88,20.3,19.92,18.89,18.71,18.77,18.75,18.07,17.1,17.14,16.32,14.49,14.09,13.18,12.87,13.44,13.22,13.29,13.7,12.91,12.2,12.38,12.04,11.9
Hungary,CAIT,Total excluding LUCF,All GHG,MtCO₂e,60.92,60.88,58.96,58.33,55.4,55.13,57.47,61.35,62.09,62.11,67.96,69.35,71.52,72.3,73.21,74.34,71.42,73.24,71.05,73.87,73.14,73.27,74.92,72.65,74.35,74.69,74.15,84.09,89.12
Iceland,CAIT,Total excluding LUCF,All GHG,MtCO₂e,3.44,3.42,3.3,3.33,3.29,3.22,3.06,3.07,3.26,3.39,3.73,3.84,3.83,3.36,3.4,3.32,3.35,3.3,3.42,3.38,3.4,3.26,3.28,3.02,3.08,3.0,3.04,3.24,3.36
India,CAIT,Total excluding LUCF,All GHG,MtCO₂e,3374.99,3229.92,3103.11,3063.65,3048.79,2875.98,2814.0,2671.2,2564.13,2452.66,2309.34,2209.24,2065.57,1969.68,1894.78,1808.91,1763.94,1741.32,1717.56,1678.28,1601.88,1567.73,1509.06,1457.39,1391.78,1345.44,1313.71,1281.48,1226.44
Indonesia,CAIT,Total excluding LUCF,All GHG,MtCO₂e,969.58,912.42,866.36,852.0,845.07,796.88,827.22,822.48,762.4,744.03,725.82,731.41,718.59,703.25,708.91,703.48,682.15,681.31,667.88,663.05,647.21,641.02,622.66,608.29,577.26,560.64,544.38,523.8,506.47
Iran,CAIT,Total excluding LUCF,All GHG,MtCO₂e,828.28,814.73,795.97,786.5,794.19,781.95,761.05,750.7,743.55,737.58,713.33,699.78,661.39,613.27,574.43,537.5,508.2,483.52,466.76,447.91,410.08,401.98,384.5,370.29,353.08,320.54,322.25,301.28,260.94
Iraq,CAIT,Total excluding LUCF,All GHG,MtCO₂e,215.69,200.79,197.3,185.77,193.68,186.9,175.6,153.59,141.41,128.3,105.02,95.53,101.37,105.14,90.98,86.97,97.86,102.14,90.63,80.28,96.88,130.43,111.88,110.13,114.16,103.13,80.13,58.43,78.78
Ireland,CAIT,Total excluding LUCF,All GHG,MtCO₂e,65.09,65.25,65.88,63.35,61.54,61.38,62.31,60.65,65.04,66.4,71.77,72.82,74.45,73.47,72.26,73.03,72.74,73.48,71.23,68.26,66.71,63.31,61.8,60.32,59.48,58.0,57.35,57.14,56.57
Israel,CAIT,Total excluding LUCF,All GHG,MtCO₂e,87.83,91.06,89.42,89.51,87.15,88.55,96.71,89.59,89.32,83.87,84.29,83.61,80.42,76.1,77.44,76.35,75.52,73.51,73.61,68.74,66.55,65.18,62.16,59.06,55.23,51.9,47.84,45.06,43.98
Italy,CAIT,Total excluding LUCF,All GHG,MtCO₂e,399.6,405.77,411.45,416.15,405.24,424.93,456.71,474.59,485.46,476.97,525.85,540.72,547.47,559.87,558.59,547.47,528.94,520.66,522.47,517.56,510.33,499.04,495.26,499.02,474.03,479.32,485.62,488.85,491.25
Jamaica,CAIT,Total excluding LUCF,All GHG,MtCO₂e,10.02,8.69,9.23,8.78,8.89,9.05,8.57,9.01,8.86,9.26,11.0,13.4,13.48,12.28,12.32,12.41,11.98,11.81,11.78,11.67,11.39,10.84,10.7,10.36,10.05,10.01,9.82,9.02,9.03
Japan,CAIT,Total excluding LUCF,All GHG,MtCO₂e,1186.77,1235.37,1257.73,1265.07,1300.99,1338.63,1327.04,1284.77,1228.24,1171.57,1231.18,1297.98,1261.9,1283.82,1282.76,1290.88,1283.11,1251.44,1274.3,1258.05,1232.41,1279.53,1291.66,1277.53,1262.49,1205.29,1212.81,1199.52,1185.03
Jordan,CAIT,Total excluding LUCF,All GHG,MtCO₂e,35.81,36.74,35.07,34.97,34.68,32.42,32.12,28.55,27.43,27.57,26.89,27.63,26.18,25.44,23.93,22.43,21.84,21.03,20.9,20.34,21.28,22.07,22.57,23.34,23.71,22.63,21.89,19.14,18.67
Kazakhstan,CAIT,Total excluding LUCF,All GHG,MtCO₂e,274.22,283.58,274.52,259.34,258.09,307.44,294.14,294.13,277.3,251.22,282.13,235.72,227.66,206.3,193.87,176.83,165.64,148.59,148.04,148.83,164.91,165.45,193.46,221.6,253.28,278.25,319.88,319.04,309.01
Kenya,CAIT,Total excluding LUCF,All GHG,MtCO₂e,78.83,76.75,79.55,73.99,71.37,68.44,66.43,67.08,64.7,63.08,62.66,61.33,44.53,44.06,43.69,41.07,40.1,39.2,39.68,40.73,38.56,37.11,37.19,37.65,37.31,37.05,37.25,37.25,38.49
Kiribati,CAIT,Total excluding LUCF,All GHG,MtCO₂e,0.11,0.1,0.1,0.09,0.09,0.09,0.08,0.08,0.08,0.08,0.09,0.08,0.1,0.09,0.08,0.07,0.06,0.05,0.05,0.05,0.05,0.05,0.05,0.05,0.04,0.05,0.04,0.04,0.04
Kuwait,CAIT,Total excluding LUCF,All GHG,MtCO₂e,112.97,111.46,109.84,106.22,100.32,100.56,97.46,93.59,89.24,85.48,82.73,77.93,78.27,75.26,67.17,63.03,60.45,57.5,53.6,49.78,45.53,39.3,37.81,38.24,37.83,32.99,26.35,38.76,32.07
Kyrgyzstan,CAIT,Total excluding LUCF,All GHG,MtCO₂e,18.12,16.24,16.51,16.96,16.41,15.87,16.34,13.75,12.33,12.66,13.03,11.86,10.61,10.5,10.82,10.67,10.03,9.07,9.66,9.7,11.04,10.83,10.95,10.01,12.7,17.88,22.73,30.39,32.65
Laos,CAIT,Total excluding LUCF,All GHG,MtCO₂e,29.27,29.2,26.15,19.02,14.48,13.81,13.11,12.12,12.36,11.41,10.57,10.18,9.66,9.29,9.35,8.91,8.69,8.4,8.07,7.74,7.92,8.4,8.21,8.24,8.24,7.94,7.97,7.72,7.86
Latvia,CAIT,Total excluding LUCF,All GHG,MtCO₂e,11.66,11.26,11.34,11.5,11.44,11.49,11.54,11.75,12.39,11.22,12.01,12.36,11.94,11.41,11.25,11.17,11.06,11.02,10.49,11.27,11.98,12.43,13.01,13.02,14.76,17.74,20.93,23.66,25.38
Lebanon,CAIT,Total excluding LUCF,All GHG,MtCO₂e,34.35,35.6,33.79,32.66,30.31,28.35,28.36,25.76,25.06,25.97,22.53,18.78,19.8,20.73,21.3,20.75,20.07,20.09,18.77,19.93,18.95,18.61,16.4,15.37,13.11,12.15,8.77,8.71,7.22
Lesotho,CAIT,Total excluding LUCF,All GHG,MtCO₂e,5.85,5.78,5.42,5.39,5.39,5.28,5.28,5.1,4.9,4.75,4.53,4.46,4.26,4.19,3.99,4.01,3.93,4.08,4.08,4.12,3.56,3.59,3.58,3.57,3.61,3.6,3.58,3.37,3.31
Liberia,CAIT,Total excluding LUCF,All GHG,MtCO₂e,9.2,9.02,9.08,8.91,8.11,7.13,6.56,5.82,5.06,4.9,4.5,4.42,4.28,4.07,3.88,3.71,3.57,3.49,3.38,3.22,3.19,3.02,2.84,2.72,2.87,3.04,3.2,3.33,3.6
Libya,CAIT,Total excluding LUCF,All GHG,MtCO₂e,103.04,96.58,86.62,84.88,102.27,109.15,117.93,115.16,145.81,141.57,138.42,132.52,134.75,133.59,127.32,123.42,120.15,115.37,111.3,109.46,111.01,109.57,109.81,107.57,105.69,100.49,99.77,102.72,105.32
Liechtenstein,CAIT,Total excluding LUCF,All GHG,MtCO₂e,0.18,0.19,0.19,0.19,0.2,0.23,0.22,0.21,0.23,0.24,0.26,0.24,0.26,0.26,0.26,0.26,0.25,0.24,0.24,0.25,0.26,0.25,0.23,0.23,0.23,0.24,0.23,0.23,0.23
Lithuania,CAIT,Total excluding LUCF,All GHG,MtCO₂e,18.84,18.73,18.82,18.8,18.55,19.0,19.9,19.98,20.52,19.71,23.28,23.85,22.85,22.72,21.58,20.6,20.42,20.06,19.62,21.32,24.05,23.17,23.38,22.62,24.22,26.24,32.15,46.93,45.2
Luxembourg,CAIT,Total excluding LUCF,All GHG,MtCO₂e,10.22,9.92,9.77,10.05,10.56,11.05,11.58,11.83,11.98,11.38,11.96,12.03,12.62,12.82,12.59,11.15,10.74,9.96,9.4,8.87,8.48,9.16,9.66,9.58,11.73,12.57,12.36,12.68,12.2
Macedonia,CAIT,Total excluding LUCF,All GHG,MtCO₂e,10.51,11.01,10.53,10.56,10.82,11.24,12.12,12.69,11.75,11.91,12.6,12.81,12.37,12.33,11.95,12.17,11.26,11.88,11.82,12.13,13.03,12.26,13.43,11.9,12.26,12.72,12.72,13.31,13.98
Madagascar,CAIT,Total excluding LUCF,All GHG,MtCO₂e,30.57,29.62,31.0,30.0,29.68,29.2,30.48,29.12,29.19,29.12,28.53,29.72,28.27,29.51,25.76,26.89,24.37,26.49,27.55,28.1,28.43,27.46,27.55,27.5,27.11,27.15,26.69,26.36,26.26
Malawi,CAIT,Total excluding LUCF,All GHG,MtCO₂e,18.32,16.95,16.19,15.82,14.9,13.96,13.12,12.44,11.67,11.29,11.41,11.05,10.83,10.74,10.33,10.01,9.51,8.89,8.76,8.56,8.44,8.17,8.02,7.77,7.33,8.6,9.34,10.22,10.92
Malaysia,CAIT,Total excluding LUCF,All GHG,MtCO₂e,306.67,289.73,294.86,297.97,296.24,282.94,265.9,263.03,259.16,238.64,258.71,244.16,226.63,219.1,208.59,193.01,183.54,172.15,166.03,155.09,145.71,143.8,135.22,122.59,114.97,108.05,104.66,97.93,90.37
Maldives,CAIT,Total excluding LUCF,All GHG,MtCO₂e,2.38,2.23,2.12,1.66,1.65,1.39,1.38,1.22,1.14,1.08,1.02,1.01,1.0,0.84,0.86,0.64,0.72,0.59,0.56,0.52,0.4,0.42,0.35,0.33,0.27,0.26,0.28,0.21,0.21
Mali,CAIT,Total excluding LUCF,All GHG,MtCO₂e,43.74,42.14,41.04,36.67,35.19,34.62,33.43,32.76,31.8,29.62,29.38,27.94,27.0,26.68,25.72,23.41,22.62,22.34,22.64,21.3,19.72,18.28,17.78,16.66,16.31,16.06,15.83,15.78,15.82
Malta,CAIT,Total excluding LUCF,All GHG,MtCO₂e,2.04,2.01,1.87,2.16,2.84,2.83,3.16,2.98,2.99,2.89,3.08,3.14,3.05,2.97,2.92,2.92,2.62,2.78,2.41,2.67,2.63,2.73,2.57,2.62,2.76,3.05,2.41,2.43,2.52
Marshall Islands,CAIT,Total excluding LUCF,All GHG,MtCO₂e,0.24,0.22,0.22,0.19,0.19,0.18,0.18,0.18,0.18,0.17,0.17,0.18,0.17,0.17,0.16,0.15,0.15,0.14,0.13,0.13,0.13,0.12,0.12,0.12,0.12,0.11,0.11,0.03,N/A
Mauritania,CAIT,Total excluding LUCF,All GHG,MtCO₂e,14.08,13.92,13.25,12.83,12.15,11.67,11.67,11.22,11.1,10.53,9.74,10.34,10.09,9.71,9.56,9.53,9.35,9.26,9.15,8.73,8.16,7.88,7.59,7.07,6.98,7.05,6.83,6.96,6.72
Mauritius,CAIT,Total excluding LUCF,All GHG,MtCO₂e,6.74,6.72,6.53,6.37,6.33,6.12,5.99,5.83,5.78,5.5,5.51,5.4,5.26,4.83,4.64,4.61,4.42,4.4,4.3,3.86,3.33,3.05,2.94,2.77,2.71,2.63,2.47,2.38,2.28
Mexico,CAIT,Total excluding LUCF,All GHG,MtCO₂e,679.88,678.12,682.91,670.1,645.94,652.69,659.24,664.66,650.16,645.32,660.92,630.89,609.01,586.27,563.27,556.09,534.2,529.01,531.67,505.25,521.77,494.35,466.56,440.06,459.06,433.46,413.78,410.91,392.91
Micronesia,CAIT,Total excluding LUCF,All GHG,MtCO₂e,0.27,0.26,0.26,0.23,0.22,0.22,0.21,0.2,0.19,0.21,0.19,0.21,0.21,0.23,0.23,0.23,0.21,0.22,0.2,0.2,0.2,0.19,0.19,0.19,0.13,0.12,0.11,0.01,N/A
Moldova,CAIT,Total excluding LUCF,All GHG,MtCO₂e,13.18,12.7,12.67,12.47,12.22,11.59,12.45,12.69,12.53,11.77,12.45,12.58,12.36,12.7,12.41,12.43,11.82,11.68,11.46,12.3,13.67,15.13,16.83,18.59,20.66,23.72,27.11,32.33,38.42
Mongolia,CAIT,Total excluding LUCF,All GHG,MtCO₂e,52.62,50.88,48.09,45.71,44.13,41.59,39.14,35.71,32.05,34.72,33.74,33.49,30.79,27.88,25.18,25.41,25.63,27.51,30.05,29.31,28.65,28.25,27.42,28.18,27.26,29.03,30.23,32.37,30.13
Montenegro,CAIT,Total excluding LUCF,All GHG,MtCO₂e,3.8,3.52,3.4,3.65,3.56,3.66,3.79,4.03,4.18,3.43,4.49,4.02,4.22,4.16,2.38,2.53,2.52,2.52,2.5,2.56,2.59,2.58,2.56,2.53,2.46,2.46,2.45,2.56,2.58
Morocco,CAIT,Total excluding LUCF,All GHG,MtCO₂e,94.29,93.09,88.66,89.79,87.05,85.26,84.44,82.17,77.02,73.21,72.63,69.66,68.42,65.87,62.98,58.43,58.16,56.36,52.47,51.36,49.18,48.26,46.3,45.62,45.0,41.89,42.2,41.08,39.68
Mozambique,CAIT,Total excluding LUCF,All GHG,MtCO₂e,35.04,32.41,31.91,32.91,32.47,30.63,29.19,27.96,28.23,25.96,27.98,26.74,25.09,26.04,24.26,24.63,23.92,21.97,19.65,20.61,21.41,19.33,20.62,20.85,20.6,20.63,20.23,19.89,19.91
Myanmar,CAIT,Total excluding LUCF,All GHG,MtCO₂e,119.65,119.66,109.43,104.97,101.6,96.11,92.79,88.99,90.15,88.09,87.06,88.7,86.32,83.32,80.12,77.68,73.33,72.87,73.31,71.44,66.35,64.71,65.88,65.71,62.63,60.11,57.43,54.9,55.4
Namibia,CAIT,Total excluding LUCF,All GHG,MtCO₂e,11.93,12.89,12.84,12.1,11.97,12.7,19.49,17.9,12.92,13.51,10.6,12.05,12.67,11.32,10.72,10.22,9.55,10.92,10.81,10.02,10.01,9.33,9.47,9.58,9.46,9.27,9.31,9.36,N/A
Nauru,CAIT,Total excluding LUCF,All GHG,MtCO₂e,0.08,0.07,0.07,0.06,0.06,0.05,0.05,0.05,0.05,0.05,0.05,0.05,0.05,0.08,0.07,0.08,0.08,0.09,0.09,0.1,0.11,0.11,0.11,0.11,0.12,0.12,0.13,0.13,0.13
Nepal,CAIT,Total excluding LUCF,All GHG,MtCO₂e,51.24,49.58,47.07,43.67,43.86,41.84,40.94,39.02,37.22,35.88,34.02,32.72,32.27,32.22,31.42,31.09,30.44,30.84,30.33,29.53,28.02,27.05,26.03,25.08,23.84,22.96,22.01,22.15,21.76
Netherlands,CAIT,Total excluding LUCF,All GHG,MtCO₂e,178.64,184.55,188.16,188.33,179.38,186.69,187.11,188.89,202.13,191.32,196.57,198.8,198.92,203.58,209.23,207.65,207.69,208.17,207.11,209.17,221.62,221.49,230.29,219.36,213.96,214.22,208.7,209.32,203.96
New Zealand,CAIT,Total excluding LUCF,All GHG,MtCO₂e,81.33,82.06,80.41,81.69,81.74,81.24,81.67,79.4,79.98,80.19,82.99,82.96,84.25,83.99,82.49,83.85,81.42,79.87,77.19,77.03,74.78,76.28,73.98,73.43,72.17,70.44,71.37,70.51,71.05
Nicaragua,CAIT,Total excluding LUCF,All GHG,MtCO₂e,19.07,18.96,19.04,18.84,17.87,16.98,16.76,16.39,15.25,14.9,14.79,14.93,14.73,14.44,14.12,14.49,13.48,13.0,12.78,12.24,11.09,10.66,9.91,9.89,10.5,10.19,9.51,8.6,9.96
Niger,CAIT,Total excluding LUCF,All GHG,MtCO₂e,45.05,43.05,41.33,39.61,37.81,35.58,33.75,31.29,29.67,29.51,28.13,26.86,25.62,24.65,23.72,22.83,21.9,21.08,20.21,19.39,18.63,17.77,17.13,16.34,15.69,15.14,14.42,13.87,13.35
Nigeria,CAIT,Total excluding LUCF,All GHG,MtCO₂e,311.45,291.17,284.34,277.14,281.65,271.94,257.54,253.11,234.93,212.73,230.83,227.9,229.74,234.45,217.97,214.1,206.59,202.02,189.75,193.53,200.61,210.55,218.06,216.83,222.25,223.58,223.69,211.53,201.33
Niue,CAIT,Total excluding LUCF,All GHG,MtCO₂e,0.01,0.01,0.01,0.01,0.01,0.01,0.01,0.01,0.01,0.01,0.01,0.01,0.01,0.01,0.01,0.01,0.01,0.01,0.01,0.01,0.01,0.01,0.01,0.01,0.01,0.01,0.01,0.01,0.01
North Korea,CAIT,Total excluding LUCF,All GHG,MtCO₂e,41.91,46.0,53.46,48.43,54.55,50.83,61.41,59.67,73.94,76.8,93.39,85.34,97.82,95.62,92.57,91.25,89.95,92.75,89.64,86.35,82.4,90.67,99.01,110.82,118.48,127.91,137.37,151.51,159.02
Norway,CAIT,Total excluding LUCF,All GHG,MtCO₂e,47.34,46.92,47.98,48.58,48.31,48.06,48.98,50.12,51.87,47.53,48.13,49.61,48.99,48.57,49.83,49.32,47.39,47.91,47.28,52.65,50.69,49.11,47.5,46.64,47.32,45.78,43.94,43.38,45.95
Oman,CAIT,Total excluding LUCF,All GHG,MtCO₂e,82.3,78.49,77.84,76.26,72.07,68.28,65.34,58.73,52.48,48.44,45.55,46.22,42.44,32.53,32.12,32.24,31.51,29.87,27.1,24.85,21.51,21.28,19.7,19.32,17.38,17.47,18.13,19.16,14.79
Pakistan,CAIT,Total excluding LUCF,All GHG,MtCO₂e,431.22,414.6,389.4,365.78,351.04,337.42,326.97,323.17,314.47,320.2,309.84,306.86,290.1,270.7,262.42,245.48,237.64,231.23,228.01,225.89,213.32,209.52,202.6,195.56,185.09,178.42,168.6,159.4,158.45
Palau,CAIT,Total excluding LUCF,All GHG,MtCO₂e,0.32,0.3,0.29,0.25,0.25,0.24,0.24,0.24,0.23,0.22,0.23,0.26,0.27,0.28,0.25,0.23,0.23,0.23,0.23,0.22,0.22,0.22,0.21,0.21,0.21,0.21,0.21,0.01,N/A
Panama,CAIT,Total excluding LUCF,All GHG,MtCO₂e,18.01,17.9,18.3,18.09,18.63,18.03,17.68,16.97,15.88,15.22,13.63,13.5,13.47,12.93,11.25,11.14,10.93,11.63,10.23,10.1,10.98,9.94,10.03,10.07,9.85,9.55,9.29,8.61,8.11
Papua New Guinea,CAIT,Total excluding LUCF,All GHG,MtCO₂e,22.97,22.9,22.68,21.67,20.04,18.35,17.12,16.39,15.39,15.37,15.04,15.37,15.23,15.27,15.79,14.88,14.57,14.31,13.79,13.64,13.73,13.79,13.61,13.8,12.47,11.59,10.5,9.48,8.48
Paraguay,CAIT,Total excluding LUCF,All GHG,MtCO₂e,49.17,50.54,48.06,47.31,46.87,44.8,43.28,41.9,40.66,38.07,36.01,36.81,34.38,33.92,32.92,34.76,32.48,33.04,30.89,31.99,31.43,30.87,30.16,30.9,28.9,28.91,28.7,29.33,32.32
Peru,CAIT,Total excluding LUCF,All GHG,MtCO₂e,96.28,96.04,98.04,94.88,93.24,89.84,88.38,88.12,84.65,80.65,76.51,71.71,67.81,67.84,66.67,62.29,62.46,60.5,62.31,61.51,57.16,56.97,55.67,52.08,47.3,44.78,43.61,42.74,43.97
Philippines,CAIT,Total excluding LUCF,All GHG,MtCO₂e,232.34,225.87,209.48,196.72,187.64,179.82,168.46,163.3,161.17,155.57,153.56,150.35,144.81,151.72,150.44,146.69,143.55,141.89,142.34,140.44,134.68,140.97,132.37,123.41,111.23,103.46,97.95,95.81,95.75
Poland,CAIT,Total excluding LUCF,All GHG,MtCO₂e,389.65,390.07,377.19,366.25,362.36,375.43,380.78,387.76,391.92,373.95,389.77,396.05,396.05,382.22,380.59,376.24,364.32,372.09,372.23,385.65,396.32,426.14,436.36,421.65,422.11,426.79,427.3,438.09,442.31
Portugal,CAIT,Total excluding LUCF,All GHG,MtCO₂e,66.82,70.95,66.38,67.43,63.32,63.7,65.41,67.11,67.99,73.27,74.15,76.4,77.8,82.99,80.0,78.0,82.99,78.13,78.79,79.26,72.46,67.36,64.99,66.65,62.87,60.96,62.05,58.02,56.31
Qatar,CAIT,Total excluding LUCF,All GHG,MtCO₂e,99.83,97.34,94.7,92.46,88.94,82.7,80.86,72.84,68.84,63.19,60.67,55.95,49.05,44.81,35.26,32.04,30.5,26.17,24.23,25.37,23.13,21.69,20.05,19.1,18.23,17.34,16.42,16.24,14.08
Republic of Congo,CAIT,Total excluding LUCF,All GHG,MtCO₂e,9.37,9.18,9.25,9.2,9.37,9.63,10.14,10.29,10.25,10.12,10.09,9.65,9.59,9.24,6.78,6.67,5.64,5.29,5.01,5.25,5.48,5.5,4.86,6.17,5.99,6.21,6.25,6.33,4.11
Romania,CAIT,Total excluding LUCF,All GHG,MtCO₂e,109.01,108.56,105.85,108.09,106.41,107.3,116.87,119.57,114.86,117.96,134.6,136.64,140.42,138.99,140.59,143.5,137.66,140.76,134.09,129.46,145.07,162.58,175.21,171.95,166.4,169.85,181.31,202.75,245.21
Russia,CAIT,Total excluding LUCF,All GHG,MtCO₂e,2543.4,2494.15,2470.1,2475.69,2521.74,2529.02,2566.17,2546.2,2454.0,2339.9,2484.91,2456.09,2445.03,2373.12,2362.47,2317.61,2241.45,2220.86,2194.34,2137.21,2100.21,2122.51,2243.3,2298.15,2378.69,2661.84,2919.15,3155.35,3251.77
Rwanda,CAIT,Total excluding LUCF,All GHG,MtCO₂e,6.17,6.09,6.03,6.07,5.4,5.36,5.2,5.04,5.11,4.86,4.74,4.55,4.34,4.07,4.14,4.19,4.16,4.05,3.89,3.85,3.63,3.49,3.37,3.23,3.47,3.59,3.68,3.75,3.77
Saint Kitts and Nevis,CAIT,Total excluding LUCF,All GHG,MtCO₂e,0.37,0.35,0.35,0.35,0.34,0.33,0.45,0.37,0.35,0.81,0.35,0.35,0.33,0.32,0.33,0.32,0.32,0.3,0.28,0.27,0.27,0.25,0.24,0.24,0.23,0.22,0.23,0.19,0.19
Saint Lucia,CAIT,Total excluding LUCF,All GHG,MtCO₂e,0.74,0.71,0.69,0.71,0.69,0.64,0.83,0.68,0.7,1.34,0.61,0.6,0.68,0.65,0.68,0.69,0.64,0.68,0.62,0.72,0.8,0.88,0.96,1.03,1.07,1.02,1.02,0.91,0.89
Saint Vincent and the Grenadines,CAIT,Total excluding LUCF,All GHG,MtCO₂e,0.37,0.35,0.35,0.3,0.37,0.3,0.48,0.31,0.33,1.07,0.3,0.38,0.33,0.33,0.33,0.31,0.31,0.29,0.24,0.27,0.27,0.24,0.23,0.23,0.21,0.2,0.19,0.16,0.16
Samoa,CAIT,Total excluding LUCF,All GHG,MtCO₂e,0.69,0.67,0.66,0.62,0.57,0.55,0.54,0.53,0.52,0.51,0.49,0.5,0.51,0.5,0.49,0.47,0.47,0.46,0.44,0.43,0.42,0.42,0.42,0.41,0.41,0.37,0.36,0.36,0.36
Sao Tome and Principe,CAIT,Total excluding LUCF,All GHG,MtCO₂e,0.19,0.19,0.18,0.17,0.17,0.17,0.17,0.15,0.15,0.14,0.13,0.12,0.12,0.12,0.12,0.11,0.11,0.1,0.1,0.1,0.11,0.1,0.1,0.1,0.1,0.09,0.09,0.09,0.09
Saudi Arabia,CAIT,Total excluding LUCF,All GHG,MtCO₂e,638.12,656.08,664.17,660.37,629.39,585.81,568.1,534.21,514.56,470.78,450.11,412.59,389.51,366.49,349.93,331.54,318.25,297.91,291.54,278.67,271.9,253.57,269.71,255.07,250.09,235.98,227.52,212.83,190.64
Senegal,CAIT,Total excluding LUCF,All GHG,MtCO₂e,29.99,29.75,29.77,28.07,27.14,26.5,25.12,25.49,24.41,23.27,22.85,21.91,21.74,21.34,20.57,18.41,19.03,19.51,19.67,18.53,17.25,16.93,16.66,15.84,15.47,15.05,14.7,14.16,13.77
Serbia,CAIT,Total excluding LUCF,All GHG,MtCO₂e,62.6,64.5,64.18,62.91,56.6,64.51,63.72,68.46,64.13,64.75,68.09,69.41,69.72,67.42,74.26,68.84,65.84,62.56,60.23,58.28,75.6,75.9,71.06,63.58,57.01,60.69,66.45,71.72,82.03
Seychelles,CAIT,Total excluding LUCF,All GHG,MtCO₂e,0.78,0.74,0.69,0.65,0.6,0.54,0.57,0.52,0.56,0.62,0.81,0.75,0.84,0.79,0.85,0.65,0.63,0.73,0.67,0.61,0.52,0.43,0.32,0.28,0.28,0.26,0.24,0.24,0.22
Sierra Leone,CAIT,Total excluding LUCF,All GHG,MtCO₂e,7.19,7.47,7.64,7.46,7.53,7.07,7.11,6.0,5.36,5.61,5.28,6.01,6.69,5.29,5.28,4.88,4.03,3.6,3.01,2.81,3.06,3.08,3.13,3.87,4.21,4.22,4.13,4.02,4.03
Singapore,CAIT,Total excluding LUCF,All GHG,MtCO₂e,66.64,65.97,63.96,62.56,60.83,59.62,58.71,59.1,56.04,52.3,51.75,51.45,50.19,49.74,52.45,51.02,54.12,55.0,55.3,50.66,49.71,50.74,50.64,49.2,47.85,44.28,37.39,34.79,31.61
Slovakia,CAIT,Total excluding LUCF,All GHG,MtCO₂e,39.93,40.48,38.58,37.77,37.34,40.0,39.35,41.67,43.16,41.57,45.22,45.34,46.32,46.79,45.91,46.56,46.27,46.83,46.2,48.79,50.25,51.43,51.63,51.58,51.0,53.71,56.4,58.95,66.99
Slovenia,CAIT,Total excluding LUCF,All GHG,MtCO₂e,17.17,17.31,17.13,16.31,16.23,17.78,18.42,19.02,19.08,18.79,20.78,19.79,19.85,19.49,19.29,19.06,19.09,19.02,18.12,18.42,19.15,19.42,18.94,18.12,17.25,17.17,16.46,16.72,17.76
Solomon Islands,CAIT,Total excluding LUCF,All GHG,MtCO₂e,0.94,0.9,0.88,0.8,0.82,0.85,0.8,0.78,0.75,0.73,0.71,0.71,0.7,0.69,0.66,0.61,0.59,0.57,0.55,0.54,0.52,0.5,0.49,0.47,0.46,0.44,0.43,0.41,0.4
Somalia,CAIT,Total excluding LUCF,All GHG,MtCO₂e,26.97,26.92,27.07,27.11,27.05,26.9,26.75,26.44,26.26,26.02,25.95,25.88,26.94,28.16,27.68,27.34,27.08,26.65,26.06,25.86,25.77,25.89,25.47,25.0,24.32,22.35,20.35,22.27,25.14
South Africa,CAIT,Total excluding LUCF,All GHG,MtCO₂e,513.44,514.6,501.55,501.09,525.05,513.02,503.11,484.25,499.72,476.95,497.47,465.58,445.53,442.92,442.84,415.18,393.81,378.21,344.13,339.74,359.93,353.52,340.02,330.56,320.04,314.09,305.65,308.69,312.74
South Korea,CAIT,Total excluding LUCF,All GHG,MtCO₂e,718.88,710.34,696.93,685.8,664.25,675.0,675.29,670.79,646.42,593.6,579.95,565.86,557.07,548.76,553.34,529.25,521.37,528.55,511.79,454.25,416.39,481.2,455.36,427.42,395.04,367.44,336.58,312.02,286.68
South Sudan,CAIT,Total excluding LUCF,All GHG,MtCO₂e,58.66,56.02,58.44,57.41,59.95,62.55,66.94,65.18,68.61,69.38,67.26,66.31,62.71,63.49,60.26,58.0,55.39,51.64,53.61,49.46,46.69,42.82,39.84,36.61,35.9,34.0,31.97,29.5,28.6
Spain,CAIT,Total excluding LUCF,All GHG,MtCO₂e,326.94,332.17,315.83,325.51,314.95,316.48,342.54,348.82,349.44,364.62,401.45,434.66,418.34,424.48,409.76,393.61,384.51,367.81,369.84,352.53,327.7,318.09,296.73,303.34,289.43,276.49,291.28,281.45,275.27
Sri Lanka,CAIT,Total excluding LUCF,All GHG,MtCO₂e,35.24,35.92,35.29,33.9,30.6,27.74,29.86,28.49,25.59,24.35,25.2,24.89,23.92,25.46,23.47,23.26,22.04,21.04,21.2,22.07,22.79,25.41,27.51,27.83,27.67,26.75,26.3,24.46,24.5
Sudan,CAIT,Total excluding LUCF,All GHG,MtCO₂e,109.63,108.91,109.01,104.47,100.83,99.64,99.32,94.53,94.81,96.45,94.26,93.13,88.22,88.34,83.72,81.29,78.86,73.56,77.6,73.6,71.49,68.75,65.92,63.93,62.93,58.45,56.52,52.88,51.99
Suriname,CAIT,Total excluding LUCF,All GHG,MtCO₂e,3.78,3.9,4.06,4.48,4.38,3.94,4.09,3.62,3.36,3.03,2.89,2.7,2.81,2.86,2.66,2.46,2.26,2.8,2.71,3.41,3.37,3.37,3.39,3.36,3.3,3.27,3.33,3.22,2.86
Sweden,CAIT,Total excluding LUCF,All GHG,MtCO₂e,46.35,49.07,49.52,50.05,50.12,51.53,53.23,56.11,60.07,54.62,58.58,59.78,61.9,63.46,67.12,68.61,67.66,66.33,67.38,71.65,72.97,72.2,78.46,72.91,73.37,71.55,71.59,69.04,68.39
Switzerland,CAIT,Total excluding LUCF,All GHG,MtCO₂e,46.02,47.2,48.19,47.71,48.47,52.27,51.25,50.02,54.1,52.53,54.01,52.41,54.35,54.65,53.95,53.5,52.31,53.96,52.36,53.16,53.04,51.5,52.95,52.36,51.43,52.3,54.77,54.85,52.65
Syria,CAIT,Total excluding LUCF,All GHG,MtCO₂e,46.32,47.54,44.93,44.38,49.1,56.28,75.93,89.57,95.98,96.47,101.7,100.59,96.91,92.94,81.81,79.49,79.14,78.53,78.01,78.01,79.02,75.76,75.31,72.09,67.93,64.52,64.04,62.88,58.52
Tajikistan,CAIT,Total excluding LUCF,All GHG,MtCO₂e,15.21,14.2,13.65,12.28,11.7,10.26,9.84,9.06,8.78,8.74,9.08,8.73,8.06,7.61,7.53,6.97,6.81,6.76,6.72,7.08,7.55,7.62,7.37,8.01,8.6,11.07,13.9,16.92,17.79
Tanzania,CAIT,Total excluding LUCF,All GHG,MtCO₂e,105.38,103.33,104.66,103.82,97.65,93.94,87.95,81.79,75.95,71.63,70.49,67.75,64.64,66.44,62.62,61.73,56.55,51.37,49.27,51.4,50.5,47.0,47.4,49.2,45.1,45.0,44.6,44.6,44.38
Thailand,CAIT,Total excluding LUCF,All GHG,MtCO₂e,416.95,413.2,395.18,392.81,390.01,395.71,383.44,362.4,360.56,340.52,341.85,336.13,323.43,319.06,309.76,291.22,278.01,266.64,255.43,253.22,241.56,262.3,255.05,233.65,214.48,199.67,183.57,171.67,159.66
Timor-Leste,CAIT,Total excluding LUCF,All GHG,MtCO₂e,6.19,6.39,6.77,6.89,6.86,6.9,6.92,6.94,7.05,6.74,6.42,6.06,5.76,5.41,4.42,3.64,2.78,1.73,0.67,0.6,0.72,0.69,0.69,0.67,0.64,0.56,0.53,0.52,0.45
Togo,CAIT,Total excluding LUCF,All GHG,MtCO₂e,8.42,8.01,8.24,7.79,7.05,7.32,7.48,8.0,7.54,7.71,6.27,5.94,6.25,6.81,5.9,6.13,5.47,4.99,5.22,5.36,5.0,4.13,4.37,3.91,3.88,3.58,3.69,4.0,4.17
Tonga,CAIT,Total excluding LUCF,All GHG,MtCO₂e,0.35,0.34,0.31,0.27,0.27,0.26,0.26,0.25,0.26,0.28,0.27,0.27,0.29,0.28,0.27,0.26,0.24,0.23,0.24,0.26,0.24,0.25,0.24,0.26,0.27,0.26,0.25,0.27,0.25
Trinidad and Tobago,CAIT,Total excluding LUCF,All GHG,MtCO₂e,22.9,23.07,22.84,25.6,25.99,26.52,25.62,26.41,25.56,22.95,23.71,24.46,24.42,21.69,17.91,17.16,17.81,17.11,15.97,15.71,15.51,15.1,14.55,14.29,14.12,13.56,13.01,14.06,15.15
Tunisia,CAIT,Total excluding LUCF,All GHG,MtCO₂e,41.1,40.72,39.73,40.17,39.36,37.12,37.24,36.29,37.96,35.63,35.05,34.92,34.23,33.18,32.67,31.52,31.31,31.23,30.47,28.89,27.45,26.07,25.37,23.87,23.2,23.21,21.64,20.89,19.85
Turkey,CAIT,Total excluding LUCF,All GHG,MtCO₂e,502.52,502.67,460.82,433.85,427.12,402.24,411.02,396.91,374.33,364.56,361.14,362.55,332.61,303.23,290.69,284.41,272.52,262.24,284.42,260.42,260.52,259.32,250.19,232.44,217.86,222.67,216.16,208.67,206.21
Turkmenistan,CAIT,Total excluding LUCF,All GHG,MtCO₂e,125.08,125.62,125.94,126.15,119.77,114.27,108.94,101.66,92.07,86.29,94.57,94.44,89.92,89.5,89.02,84.55,77.39,73.01,69.8,66.86,59.91,57.69,56.92,59.38,57.44,53.18,56.19,69.95,79.18
Tuvalu,CAIT,Total excluding LUCF,All GHG,MtCO₂e,0.03,0.03,0.03,0.02,0.02,0.02,0.02,0.02,0.02,0.02,0.02,0.02,0.02,0.02,0.02,0.02,0.02,0.02,0.02,0.02,0.02,0.02,0.02,0.02,0.02,0.02,0.02,0.02,0.02
Uganda,CAIT,Total excluding LUCF,All GHG,MtCO₂e,54.87,53.95,52.85,50.19,48.38,46.67,45.66,43.71,42.96,40.13,39.06,31.86,28.37,28.87,26.64,26.4,24.5,23.56,23.06,22.62,22.97,21.57,20.53,19.81,19.03,19.28,18.84,18.51,17.97
Ukraine,CAIT,Total excluding LUCF,All GHG,MtCO₂e,274.51,264.1,290.1,279.07,332.02,368.05,379.03,391.16,369.85,351.8,411.73,425.72,417.43,412.02,430.87,465.77,435.21,432.52,433.67,451.86,455.47,483.34,507.74,569.42,600.0,695.29,784.36,876.81,922.42
United Arab Emirates,CAIT,Total excluding LUCF,All GHG,MtCO₂e,263.24,269.82,259.65,252.85,240.02,237.63,226.57,214.63,208.58,202.08,199.89,174.27,162.95,156.7,148.02,139.31,131.6,127.37,113.34,112.69,108.39,103.86,96.09,90.78,84.37,77.76,74.82,76.25,69.71
United Kingdom,CAIT,Total excluding LUCF,All GHG,MtCO₂e,452.08,461.19,475.24,497.74,513.8,554.67,573.41,551.94,594.56,581.69,636.52,656.48,671.96,674.86,680.78,685.43,677.78,695.59,684.83,682.21,708.38,712.03,733.63,713.51,722.7,733.57,750.47,772.6,757.35
United States,CAIT,Total excluding LUCF,All GHG,MtCO₂e,6023.62,5842.8,5907.27,6003.65,6129.04,6108.67,5968.74,6214.43,6442.58,6194.45,6619.98,6797.86,6707.43,6801.82,6787.57,6706.39,6646.96,6806.97,6861.15,6706.4,6709.43,6675.67,6426.07,6260.71,6199.14,6108.08,6000.62,5918.73,5960.28
Uruguay,CAIT,Total excluding LUCF,All GHG,MtCO₂e,36.16,36.11,37.05,36.66,36.9,37.42,38.42,37.55,36.01,38.42,38.86,36.32,37.36,35.24,35.06,33.15,32.25,31.92,32.28,34.18,33.16,33.6,33.92,32.63,32.43,32.54,32.0,30.39,28.78
Uzbekistan,CAIT,Total excluding LUCF,All GHG,MtCO₂e,235.51,234.92,230.9,222.86,226.09,232.95,230.38,242.35,238.39,232.96,259.18,249.7,251.72,228.86,231.81,229.33,234.34,230.53,226.17,206.42,199.57,188.59,194.11,191.69,200.44,222.99,191.09,201.41,198.68
Vanuatu,CAIT,Total excluding LUCF,All GHG,MtCO₂e,0.87,0.85,0.86,0.81,0.82,0.76,0.76,0.76,0.74,0.72,0.73,0.73,0.6,0.6,0.58,0.59,0.57,0.57,0.59,0.61,0.6,0.6,0.59,0.57,0.56,0.56,0.53,0.51,0.49
Venezuela,CAIT,Total excluding LUCF,All GHG,MtCO₂e,233.92,243.57,257.6,270.98,285.46,284.14,279.3,259.66,260.46,258.18,257.39,245.28,241.0,248.5,233.76,230.16,237.76,230.8,228.0,218.78,222.56,224.3,217.57,203.39,194.87,192.12,185.78,181.78,179.99
Vietnam,CAIT,Total excluding LUCF,All GHG,MtCO₂e,376.53,340.42,341.58,327.32,283.0,268.77,258.29,257.88,258.43,240.94,219.51,207.66,194.56,187.96,178.68,161.11,153.23,139.58,134.56,126.53,122.4,112.7,104.68,96.39,90.24,84.61,77.93,75.42,72.55
World,CAIT,Total excluding LUCF,All GHG,MtCO₂e,47552.14,46770.42,46146.35,45974.01,45909.35,45658.86,44994.97,44486.72,43268.37,41203.89,41571.04,41172.98,39826.52,38668.69,37527.82,36072.46,34874.73,34363.55,33936.77,33129.09,32918.04,32706.56,32357.54,31788.31,31068.15,30857.21,30761.03,30904.18,30736.62
Yemen,CAIT,Total excluding LUCF,All GHG,MtCO₂e,21.76,21.97,22.74,26.05,38.81,38.35,31.47,32.39,35.61,36.97,33.06,31.41,29.68,29.33,28.24,26.98,24.03,23.84,22.25,21.07,19.24,17.82,16.48,15.82,14.3,13.92,14.8,14.02,12.37
Zambia,CAIT,Total excluding LUCF,All GHG,MtCO₂e,40.67,39.67,39.1,38.84,37.68,37.22,36.13,32.21,32.21,29.8,30.89,30.5,30.0,32.45,31.15,31.02,28.61,26.26,25.68,28.68,32.69,33.24,34.72,38.85,41.34,42.91,44.18,44.86,45.34
Zimbabwe,CAIT,Total excluding LUCF,All GHG,MtCO₂e,31.38,28.8,29.12,31.28,29.35,30.86,30.78,30.55,28.08,25.17,24.15,26.09,25.68,26.76,26.36,26.48,29.18,32.17,31.81,34.37,31.91,30.65,31.66,29.75,29.89,30.15,33.69,32.88,32.58
